Provincia;Localidad;Dirección;Nombre comercial;Número de Registro de Turismo de Castilla y León;Tipología;Recoger;Envío;Teléfono;Correo electrónico;Pagina web;Observaciones;Ubicación
Burgos;Burgos;Avda. de la Industria, 10;Las Terrazas;09/529;restaurante;Sí;no;609208433;info@lasterrazashotel.com;;Menú del día, bocadillos, raciones, platos combinados, pizzas, hamburguesas, sandwiches, ensaladas, revueltos, tortillas. Reservas por teléfono: 947 270 205 Horario: 7:00-22:00;42.36434, -3.7117
Zamora;Zamora;Avenida Ronda de la Feria, 23;Crepería Media Luna;49/688;restaurante;Sí;no;980988579;Creperiamedialuna@gmail.com;;Puedes disfrutar nuestros desayunos completos, crepes salados, dulces, gofres, batidos naturales y muchas cositas. Todo con elaboración propia.;41.507226, -5.747637
Valladolid;Valladolid;Plaza del Milenio, 1;Rioluz Gastronomía;47/987;restaurante;Sí;sí;983303699 (ext.2);info@grupomoga.com;http://www.mogaencasa.com;En la web mogaencasa.com, seleccionar Cachopos y Celiacos Rioluz para ver la carta. La oferta gastronómica cuenta con una variada selección de cachopos, ensaladas, arroces, platos de carne y pescados frescos y postres caseros.;41.648963, -4.735113
Valladolid;Laguna de Duero;Avda Madrid, 16;Telepizza;47/1161;restaurante;Sí;sí;983100999;tienda0784@telepizza.es;http://www.telepizza.es;Horario atencion al público 13 a 16 y de 18.30 a 23.30 horas.;41.583517, -4.719482
Burgos;Rubena;Ctra. Madrid-Irún, Km 249;Ciudad de Burgos;09/810;restaurante;Sí;no;947431041;hotel@hotelciudaddeburgos.com;https://www.hotelciudaddeburgos.com;Bocadillos, bocadillos Gourmet con pan recién hecho. Pizzas, raciones para compartir (nachos, alitas, croquetas, embutidos, etc). TAMBIÉN COMIDA POR ENCARGO (paella de bogavante, cordero, pescados).;42.381269, -3.584027
Valladolid;Valladolid;Plaza de los Arces, 5;La Mafia se Sienta a la Mesa;47/503;restaurante;Sí;sí;983346229;VALLADOLID@LAMAFIA.ES;http://www.mogaencasa.com;Cucina & Passione mezclando cocina italiana clásica con platos mediterráneos.;41.654116, -4.726929
Zamora;Zamora;C/ Juan II, 21;Antojo;49/573;restaurante;Sí;no;980040014;posangel@outlook.es;http://www.barantojo.com;Ofrecemos comida tradicional, arroces y todas las especialidades de nuestro Burger Gourmet.;41.51095, -5.740184
Segovia;Segovia;Avda. Padre Claret, 16;Asador Maribel;40/226;restaurante;Sí;no;921441141;asadormaribelsegovia@gmail.com;http://www.restaurantemaribel.es;Platos de referencia: Cochinillo asado de Segovia, Cordero lechal especial de Sacramenia asados en horno de leña, además de una cocina clásica castellana con productos de primerísima calidad y con platos más de actualidad. Reserva por teléfono y horario de 13,00hrs a 23,00hrs.;40.94849, -4.114568
León;León;Avda. Los Cubos, 6;Q´H Centro León;24/396;cafetería;Sí;sí;987875580;info@qhhoteles.com;https://www.hotelqhcentroleon.com;Comida tradicional y hamburguesas Gourmet. entrega a domicilio gratis a partir de 13€. Pedidos por teléfono al 987875580. Los martes no disponemos de servicio de entrega a domicilio.;42.600384, -5.566529
Salamanca;Guijuelo;C/ Filiberto Villalobos, 126;Álvarez;37/53;restaurante;Sí;no;630767967;aalvarezbernardo@gmail.com;;Comida tradicional. Menú del día de lunes a viernes, con tres primeros y tres segundos para elegir. Los fines de semana disonemos de arroces variados, nuestros clásicos y todo tipo de encargos. Las reservas se realizan por teléfono. Y los horarios de recogida se acuerdan con el cliente al efectuar el encargo.;40.560079, -5.672287
Zamora;Benavente;C/ Federico Silva, 43;Burger King;49/549;restaurante;Sí;no;980631373;;;Hamburguesas;42.00146, -5.669292
Zamora;Zamora;C/ Diego de Losada, 2;Burguer Country;49/152;cafetería;Sí;sí;682570189;info@burguercountry.es;https://burguercountry.es;Hamburguesas, platos combinados, bocadillos, sandwitches y perritos para recoger o llevar a domicilio. Puedes llamar por teléfono al 682 570 189, al 980 04 86 98 o a través de la aplicación de UBER y reservar tu comida a la hora que la necesites.;41.506625, -5.739831
Palencia;Palencia;C/ San Marcos, 12;La Traserilla;34/117;restaurante;Sí;sí;979745421;contacto@latraserilla.es;http://www.latraserilla.es;Ofrecemos tapas tradicionales, platos especiales de restaurante y nuestro Poke Bowl, además del 'Medio Día de Menú', que cambia cada semana. Las reservas se pueden realizar por teléfono en cualquier momento. Horario. - Lunes y martes de 13.00 a 16.00 - Jueves, viernes, sábado y domingo, de 13.00 a 16.00 y de 20.00 a 23.00;42.009061, -4.535945
Segovia;Castillejo de Mesleón;Ctra. N-1 , km 107;Área de Servicio Buquerín;40/591;restaurante;Sí;no;921557228;;;Comida casera para llevar y hambuguesas. Horario de  7.00 a 22.00 horas.;41.258302, -3.595255
Zamora;Zamora;Avda. Obispo Acuña, 13;El Rincón del Duero;49/2445;bar;Sí;sí;685540442;j.martincuelgamures@gmail.com;;horario de lunes a viernes, es de 9,15 a 14:00. tardes cerrado.y sábados domingos y festivos, de 11:30 a 14:00 y horario de tarde. de 19:00 a 22:00. la comida es a base de rcciones de casquería y fritos para llevar. También tenemos bocadillos.;41.503674, -5.735913
Burgos;Aranda de Duero;C/ Isilla, 3;Isilla Café;09/2937;bar;Sí;no;643519991;isillascafe@gmail.com;;Comida casera, tortilla de patatas, asado negro, carne guisada, ensaladilla, postres caseros, platos elaborados completos o medio elaborar para toda la semana.;41.671176, -3.687052
Zamora;Zamora;Plaza del Fresco, s/n;Bocatería Papeo;49/45;cafetería;Sí;sí;980530863;Bocateriapapeo@gmail.com;;Hamburguesas, sandwich, platos combinados, raciones, bocatas, etc.;41.504154, -5.746467
Soria;Almazán;Camino Fuentelcarro, 1;Convento Espacio Grumer;42/1;salón de banquetes;no;sí;975211679;pedidos@grumer.es;https://grumer.es/;Propuesta gastronómica a domicilio. El Delivery de Grumer era uno de los más esperados y ya lo tienes aquí. Esta propuesta gastronómica a domicilio, que ha creado el chef JuanCar, te hará disfrutar de Grumer en casa. Desde Grumer Delivery te ofrecemos degustar aperitivos y productos de la despensa de Soria. Entra en nuestra tienda y compra canapés y menús recién hechos, únicos y diferentes, elaborados y presentados con nuestro estilo Grumer. Confíanos tu celebración, cuidamos la presentación para que puedas disfrutar de tus invitados sin preocuparte de nada más.;41.485301, -2.537086
Zamora;Zamora;Plaza del Mercado, 8;Hobby;49/649;restaurante;Sí;no;980530177 673710208;cafeteriahobby@hotmail.com;;Cafeteria, bar, restaurante. Damos todo tipo de servicio de restauración para recoger, desde nuestras sabrosas tapas, excelente café, raciones y plancha, menús diarios caseros o lo que les apetezca por encargo. Nos adaptamos a las nuevas medidas que nos obligan por el Covid-19, gustosamente les atendemos para que vengan a recoger a nuestro local cualquier cosa que les apetezca desde cafés, montaditos, bocadillos, raciones, menús (todos los días tendremos diferentes primeros, segundos y postre), hacemos todo tipo de encargos. HORARIO DE APERTURA Y RECOGIDA: Lunes a Domingo: 6:00 a 22:00 horas. CARTA: Rabo de Toro, Arroz con Bogavante, Cachopos, Arroz a la zamorana, Paellas, Asados. Montados: Pechuga, Lomo, Panceta, Tortilla, jamón con tomate, morcilla. Menú del día. Encargos. Raciones y tapas;41.504687, -5.742903
Zamora;Coreses;Avda. Requejo, 19;Raíces;49/284;restaurante;Sí;sí;620327293;restauranteraices@gmail.com;https://restauranteraices.net/;Menú diario 11€. Horario para hacer pedidos, hasta las 11.00 horas. Teléfonos: 980 500 300 / 620 3272 93. Lo pueden encontrar actualizado diariamente en nuestras redes: Facebook https://www.facebook.com/restauranteraices.restauranteraice/?ti=as Instagram https://www.instagram.com/restaurante_raices?r=nametag Entrega: - Punto de recogida en el Restaurante - Punto de entrega en la dirección solicitada.;41.548083, -5.622817
León;Ponferrada;Avda. Molinaseca, 19;La Marmita Verde Del Mundo Vegetal;24/1132;restaurante;Sí;sí;650035558;delmundovegetal@gmail.com;;Comida casera y saludable con ingredientes 100% vegetales y ecológicos. También vendemos sabrosos productos artesanos de elaboración propia. Horario: De 12:00 a 16:00 todos los días menos los martes. Viernes y sábado abrimos además de 20:00 a 21:30 para recoger en el local y para llevar de 20:00 a 22:30 para llevar. Martes cerramos.;42.545874, -6.581232
Salamanca;Alba de Tormes;Avda. Juan Pablo II, 39;Hotel Alameda;37/1112;restaurante;Sí;no;923300031;juanpedro@htalameda.com;http://www.hotelrestaurantealameda.com;Sábados y Domingos disponemos para llevar cena tipo informal según la carta adjunta que también puede consultarse en nuestra pagina web. Horario: de 19,30 a 21,30 De lunes a Viernes disponemos de menú del día para llevar. Horario de 13,00 a 15,00. De Lunes a Jueves también se puede solicitar de 20,00 a 21,30;40.820258, -5.51354
Segovia;El Arenal;C/ Real, 16;La Jalbeguera;40/741;restaurante;Sí;sí;617966392;Lajalbeguera@gmail.com;;Menú diario 10 €. Hamburguesas, sanwiches, paellas por encargo, Raciones. Platos combinados.;41.164473, -3.779729
Salamanca;Salamanca;Avda. Portugal, 88;El Bardo II;37/414;restaurante;Sí;sí;923259265;info@restauranteselbardo.com;http://www.restauranteselbardo.com;Horario de atención al cliente de 10:30 a 16:00 horas. La cocina tradicional de EL BARDO, ahora para recoger o llevar.;40.971964, -5.660541
Segovia;Segovia;C/ Zuloaga, 1;Alma Nostra;40/612;restaurante;Sí;sí;660736734;ana.glezmontarelo@gmail.com;;Se ofrece todos los días un menú del día además de la carta. Comida tradicional, casera y rica. Reservas llamando al número de teléfono 660736724 Horarios de reparto: De 13:00 - 16:00 De 20:00 - 23:00;40.950134, -4.118002
Palencia;Palencia;C/ Don Sancho, 1;Lucio Asador Gastro-Bar;34/477;restaurante;Sí;sí;979748190;info@lucioasadorgastrobar.com;https://lucioasadorgastrobar.com/;Comida tradicional castellana. Reservas por teléfono o en el propio restaurante. Horarios: 12.00 a 16.00 y 20.00 a 22.00 (El cuarto de lechazo con un día de antelación);42.009675, -4.532751
Valladolid;Valladolid;C/ Puente Colgante, 2  Estación de autobuses;Bus-Stop;47/13;cafetería;Sí;no;983224443;helenaredondo@hotmail.es;;Cocina casera y natural. Menú diario disponible y raciones. Amplia variedad de bocadillos y hamburguesas elaborados en el momento del pedido. Se puede reservar para la recogida en el local en el tlf 983 22 44 43;41.641302, -4.73165
León;Hospital de Órbigo;Ctra. N-120,  Km 335;Paso Honroso;24/216;cafetería;Sí;no;987361010;hotel@elpasohonroso.com;;Disponemos de menún del día con varios primeros y segundos platos a elegir. Raciones, bocadillos y hamburguesas. La reserva se puede hacer por teléfono entre las  7.00 - 15.00 horas y las 19.00 - 22.00  horas.;42.458535, -5.88265
Segovia;Segovia;Plaza Mayor, 9;Juan Bravo;40/720;restaurante;Sí;sí;921151607;reservas@juan-bravo.com;http://www.juan-bravo.com;El sabor de siempre cocinado como nunca. Cocina artesana creada y supervisada por Rubén Arnanz. Para disfrutar sin remordimientos y sin ingredientes ultraprocesados.;40.950535, -4.123653
Ávila;Piedrahíta;C/ Tejedores, 1;Hotel Rural Cayetana;05/547;restaurante;Sí;sí;920360709;info@hotelruralcayetana.com;;De Martes a Sábado, 20:30 - 22:00 Pizzas Artesanas Sábados y Domingo mediodía: Pollos asados, Tostón Asado, Costilla de Cerdo Asada. Consultad otras opciones.;40.463991, -5.328124
Segovia;Campo de San Pedro;Plaza Mayor, 9;Bayo;40/606;restaurante;Sí;no;921556068  686663202;pepeperezmolina@hotmail.es;;Menú del día de Lunes a Sábado (4 primeros y segundos a elegir, bebida, pan, postre (casero) y café Desayunos: café y tostada / cerveza y montado. Carta de Raciones.;41.429395, -3.545737
Salamanca;Salamanca;Plaza de los Basilios, 1;Vinodiario;37/4898;bar;Sí;sí;923614925;vinodiarioentucasa@gmail.com;https://www.vinodiario.com;Vinodiario es una vinoteca establecida en Salamanca desde 2003. La casa ofrece una variada selección de vinos procedentes de diversas zonas y modos de elaboración. Para acompañarlos dispones de tapas y platos preparados con máximo respeto por la calidad del producto.Todo pensado para disfrutar sin más pretensión que pasar un rato agradable.;40.961319, -5.661737
Valladolid;Valladolid;C/ Duque de la Victoria, 5;Goiko Grill;47/1183;restaurante;Sí;sí;983 53 99 71;;http://www.goiko.com;Horario Delivery de 13:00 a 23:30 de domingo a miércoles y de 13:00 a 24:00 de jueves a sábado. Horario Take-away de 13:00 a 22:00 horas de lunes a domingo.;41.651004, -4.726746
Palencia;Guardo;Avda. Asturias, 113;El Tremazal;34/383;restaurante;Sí;no;979850769;reservas@hoteltremazal.com;http://www.hoteltremazal.com;Menú para llevar con recogida en el establecimiento, la reserva se hace telefonicamente al 979850769 o al 690864477. El horario es de lunes a viernes de 13:30 a 15:30 y de 20:30 a 21:30 excepto los viernes que no habrá horario nocturno (cenas para llevar);42.797999, -4.848108
Soria;Soria;C/ Manuel Vicente Tutor, 5;La Capital;42/446;restaurante;Sí;sí;975229699;f.lopezfrias@gmail.com;http://lacapital.co;Tapas y raciones, Bowls y Hamburguesas. A domicilio con Ubereats. A recoger en el local, 975 22 96 99.;41.765363, -2.469918
Segovia;Juarros de Voltoya;C/ Doctor Nieto, 24;Casa La Abuela 2.0;40/546;restaurante;Sí;sí;646601837;javierpintosanchez@gmail.com;http://www.restauranteclabuela.com;Carta variada de diferentes productos para recogida y domicilio en Juarros de Voltoya. Pedidos: 646601837 Horario 24h.;41.029419, -4.518533
León;Ribaseca;Polígono industrial Onzonilla, C/ 18, parcela M6, nave 1;Confitería Fuensanta;24/404;cafetería;Sí;sí;987583644;administracion@fuensantaleon.com;http://www.confiteriafuensanta.com;Plato del día, bocadillos, hamburguesas, platos combinados, pulgas, tostas, bollería, sándwich, ensaladas....meriendas, cafés y chocolate. La reserva se puede hacer por teléfono (987 583644) y por email (administración@fuensantaleon.com) Nuestro horario es de 7 de la mañana a 7 de la tarde de lunes a sábado.;42.539391, -5.587154
Ávila;Ávila;C/ Alfonso Querejazu, 1;Los Fogones de Raúl - El Salón;05/794;restaurante;Sí;sí;920091384   660063783;losfogonesderaul@hotmail.com;https://losfogonesderaul.es/;Empresa con más de 10 años de experiencia en catering / eventos/ comida para llevar. Disponemos de menú del día, hamburguesas, bocatas, raciones, paellas, carta, bandejas de aperitivos, cocido, asados. Abiertos de miércoles a domingo de 12 a 21:50 horas. Pedidos lunes y martes, bajo reserva previa.;40.648782, -4.675289
León;León;C/ Padre Isla, 30;Luniega;24/1279;restaurante;Sí;no;987235225 655444863;jorgegetino@hotmail.com;http://www.restauranteluniega.com;Menú diario de lunes a sábados, 9 euros de lunes a viernes, 12.50 euros el  sábado. Encargos por telefono.;42.600653, -5.573908
Zamora;Zamora;Avda. Cardenal Cisneros, 56;Burger King;49/277;restaurante;Sí;sí;980161416;;;Hamburguesa;41.512894, -5.738926
Burgos;Burgos;C/ Don Juan de Austria, 22;Casa Azofra;09/736;restaurante;Sí;sí;947461050;azofra@hotelazofra.com;http://www.hotelazofra.com;Ofrecemos gran variedad de entrantes, segundos platos y postre para venir a recoger a nuestro asador o para envíos a domicilio. Pueden reservar a través de nuestro teléfono 947 461050 o a través de nuestra tienda on line: https://www.hotelazofra.com/azofra-en-casa/  Gracias;42.340474, -3.729288
Zamora;Benavente;Avda Las Américas, s/n;Valcarce;49/60;cafetería;Sí;no;980637962;;;Platos combinados, bocadillos, hamburguesas, sandwich, pinchos, y todo tipo de bebidas.;41.999159, -5.661286
Valladolid;Valladolid;Camino Viejo de Simancas, s/n;Don G;47/1177;restaurante;Sí;sí;722321976;Cesar.carreras@hotmail.com;https://don-g.com/;NUESTRA COMIDA ES AUTÉNTICA. Cocinamos en el momento del pedido, asegurando su frescor, para que nuestros clientes puedan disfrutar de nuestros Bocadillos, Hamburguesas y Raciones recién hechas. PREPARA LA MESA, QUE NOS SALIMOS DEL PLATÓ!!!;41.623601, -4.750519
Segovia;Chañe;C/ San Benito, 11;La Posada de Carmen;40/358;restaurante;Sí;sí;921155134;info@laposadadecarmen.com;http://www.laposadadecarmen.com;Para recoger en local preparamos Raciones, Arroces, Guisos, Asados, platos de cuchara, etc. Para enviar y recoger preparamos Asados de Lechazo, Cochinillo y Pato, además de nuestros Gallos de Corral Guisados con piñones y Almendra que criamos en nuestra propia granja.;41.338945, -4.428474
Zamora;Zamora;Plaza del Maestro Haedo, 4;AlSiguiente Taberna Urbana;49/3234;bar;Sí;no;980532494;;http://www.alsiguiente.com;Un lugar donde podrás comer unas tapas riquísimas. Toda nuestra carta en www.alsiguiente.com y todas las novedades en nuestra página de Facebook.;41.503925, -5.744743
Salamanca;Salamanca;C/ Varillas, 13;Doner Kebab Varillas;37/5067;bar;Sí;sí;653181002;sabaun26@hotmail.com;;Especialidad comida Turca. Cita previa para recoger la comida. Desde las 13 h hasta 16 h. Tardes desde las 1 9h a 22 h.;40.964105, -5.662247
Salamanca;Salamanca;C/ Gibraltar, 18;Restaurante Lis;37/1104;restaurante;Sí;sí;679364893;Info@restaurantelis.es;Http://www.restaurantelis.es;Horario recogida: 12-16 h. Horario envío: 13,30-16h. Encargos: 24h menú, 48h asados, paellas, fideuás... Atendemos necesidades y elección alimentaria: sin sal, sin gluten, alergias, comida vegana, vegetariana... Producto fresco, local. Consúltenos y le asesoraremos.;40.959713, -5.666483
Segovia;Segovia;Cervantes 16;Vipsmart;40/710;restaurante;Sí;sí;921460048;Vipsmartsegovia@gmail.com;;Vips;
Salamanca;Salamanca;C/ Serranos, 1;Corte & Cata;37/1002;restaurante;Sí;sí;923;info@corteycata.es;http://www.corteycata.es;Restaurante ubicado en un edificio antiguo en el Centro histórico de la ciudad, con gastronomía contemporánea donde impera el producto ibérico a destacar el jamón ibérico de bellota. También hay que destacar su variedad de tapas y platos modernos, con un servicio impecable. Sobre el servicio de comida a domicilio o para recoger intentamos mantener la línea que nos caracteriza llevando el restaurante a sus casas, centros de trabajo, reuniones familiares,... Pueden contactar a través de nuestra página web, de la plataforma just eat, o de las redes sociales. Nuestro servicio es de Lunes a Domingo en horarios comprendidos entre la 13:30-15:45 y las 20:00 - 22:30.;40.962464, -5.666749
León;León;C/ General Lafuente, s/n;Casa Mando;24/65;restaurante;Sí;no;987798188;info@casamando.com;https://casamando.com;Horario especial de miercoles a domingo de 13:00 a 16:00 y de 20:00 a 22:00 Hacemos nuestro famoso cocido para disfrutarlo en casa. Puedes encargarlo en el telefono 987798188 y recogerlo en Casa Mando.;42.596458, -5.570624
Valladolid;Valladolid;C/ Carmelo, 2;Carmelo;47/607;bar;Sí;sí;649445087;barcarmelo2019@gmail.com;;Auténticas hamburguesas de buey marcadas a fuego lento en parrilla volcánica. Take Away plataformas y recoger en local. Horario de comidas y cenas ( martes cerrado ).;41.64045, -4.719828
Valladolid;Valladolid;C/ Marqués del Duero, 7;Eh Voila;47/1176;restaurante;Sí;sí;983259369;;http://www.ehvoila.es;"Somos un restaurante familiar, diverso y accesible donde encontrarás platos de cocina internacional elaborados de forma casera y natural, con especial cuidado en la calidad y el detalle. Te ofrecemos opciones para personas vegetarianas, celíacas y con intolerancias alimentarias. Cocina y corazón. Nuestra cuidada cocina siempre va acompañada de un servicio profesional, atento y cercano; así Eh Voilà! es una elección perfecta para una cena improvisada con los amigos, una reunión de trabajo, una celebración familiar o una velada romántica.";41.655059, -4.721495
Palencia;Aguilar de Campoo;C/ El Puente, 39;Cortés;34/146;restaurante;Sí;no;979123055   979125080;restaurantecortesaguilar@gmail.com;;Reserva vía telefónica para recoger en el establecimiento.;42.792803, -4.264849
Segovia;San Ildefonso o la Granja;Plaza España, 8;El Europeo;40/697;restaurante;Sí;no;921488464  606100493;lamedialunalagranja@hotmail.com;;Carnes y asados. De 10:00 a 15:00 y de 19:00 a21:30 horas.;40.902001, -4.006768
Segovia;Coca;Avda. Emperador Teodosio, 7;Vacceos;40/745;restaurante;Sí;sí;682129102;restaurantevacceos@gmail.com;;Servimos comida a domicilio y para recoger el local viernes sábado y domingo de 14 a 15 horas y de 20 a 21 horas.;41.213562, -4.52604
Palencia;Guardo;Avda. Asturias, 152;Montaña Palentina;34/308;restaurante;Sí;sí;979851520;;http://www.hotelmontanapalentina.es;Menú del día, elegir el menú llamando por teléfono de 10.00 de la mañana a 14.30 de la tarde.;42.802561, -4.848922
Valladolid;Valladolid;C/ Capuchinos, 4;Lumbre;47/3076;bar;Sí;sí;685969739;;;De lunes a lunes comidas y cenas, en breve ofreceremos deliveroo.;41.643959, -4.736276
Valladolid;Valladolid;C/ Platería, 1;Gabella;47/945;restaurante;Sí;sí;983363902;gabellaplateria@gmail.com;https://gabellaplateria.eatbu.com/;Entrantes, ensaladas, pastas, pizzas, pescados, carnes, menús y tapas. Reserva en el 983363902 Horarios todos los días de 12.30 A 16.30 y de 20.00 A 23.00 horas.;41.652934, -4.726971
Salamanca;Salamanca;C/ Correhuela, 18;Goiko;37/950;restaurante;Sí;sí;923994512;;http://www.goiko.com;Horario Delivery: de 13:00 horas a 23:30 horas de domingo a miércoles y de 13:00 horas a 24:00 horas de jueves a sábado. Horario Take-away: de 13:00 horas a 22:00 horas de lunes a domingo.;40.965184, -5.661375
Palencia;Dueñas;Avda. Valoria, 3;La Casa de la Pradera;34/301;restaurante;Sí;no;979780401;;;Raciones, ensaladas y gran variedad de hamburguesas. También comida por encargo. Hamburguesas: Viernes, sábado y domingo, de 19h a 21.30h. Menú del Día: 12.30h a 16h. Menú Fin de Semana;41.871446, -4.539258
Zamora;Zamora;C/ Juan II, 3;Casa Cipri;49/104;restaurante;Sí;no;980 51 58 71;casacipri@casacipri.com;;Restaurante de comida tradicional. Horario de 13:30 a 16:00 y de 21:00 a 23:00. Reservas por teléfono: 980 51 58 71. Los domingos cerramos por descanso.;41.510271, -5.73877
Ávila;Cebreros;Avda. Camilo José Cela, 54;El Rondón;05/606;restaurante;Sí;no;918630460;info@elrondon.es;http://www.elrondon.es;¿Qué ofrecemos? -Raciones -Platos de carne y pescado -Postres -Carta de vinos ¿Cómo pedir? A través de nuestro teléfono de contacto - 622 212 006;40.463595, -4.45955
Zamora;Zamora;Avda. Príncipe de Asturias, 1;Benito;49/89;bar;Sí;no;647872527    652082392;benitogourmet2015@gmail.com;;Horario de recogida: de lunes a domingo: 08.30-15.30h y jueves, viernes, sábado y domingo 19-22h. La reserva será por vía telefónica y en la ventana del Benito y en la plataforma Cómolo.;41.507375, -5.741125
Salamanca;Salamanca;Avda. Juan Pablo II, 20;Cala Fornells;37/633;restaurante;Sí;sí;923191077;info@restaurantecalafornells.es;;Espacialidad en arroces. Abierto todos los días menos miércoles. Reserva por teléfono, web, whatsapp de 11 a 16 horas;40.954918, -5.695208
Burgos;Burgos;Avenida del Cid Campeador, 65;Teodoro;09/365;restaurante;Sí;no;947221082;bar_teodoro@hotmail.es;;Cocina casera.;42.349681, -3.696353
Segovia;Segovia;C/ Ochoa Ondategui, 2;Telepizza;40/323;restaurante;Sí;sí;921412094;tienda0299@telepizza.com;;Ofrecemos pizzas,hamburguesas,sandwich¿s y complementos mediante atención telefónica o en local para llevar,recoger y domicilio en los horarios de 12 hrs a 00:30 hrs;40.947488, -4.117193
León;León;C/ General Lafuente, s/n;Nimu Azotea;24/1506;restaurante;Sí;sí;987798192;info@nimuazotea.com;https://nimuazotea.com;Horario especial de miercoles a viernes, de 13:00 a 16:00 y de 20:00 a 22:00. Los pedidos para recoger se hacen a través de la web. Los pedidos para servicio a domicilio se hacen a traves de GLOVO.;42.596388, -5.571008
Segovia;Los Ángeles de San Rafael;C/ Rio Tajo, s/n;Premier;40/565;restaurante;Sí;no;921195800;atencionalcliente@angelesdesanrafael.com;https://www.angelesdesanrafael.com/restaurante-premier/;Horario de pedidos: Viernes, sábado y domingo: de 10:00 a 15:00 para almuerzos, de 19:00 a 21:00 para cenas. Asados por encargo mínimo 24 horas antes.;40.776098, -4.208698
Zamora;Zamora;C/ Pozo de la Nieve, 2;Bodega Arrabal del Pozo;49/581;restaurante;Sí;no;651906137;Rasil2sr@gmail.com;;Carnes a la brasa. Reservas por teléfono y WhatsApp en el nº 651906137. Horario: De Martes a domingo de 14:00 a 16:30, Viernes y sábado de 20 a 21:45 horas.;41.491985, -5.757689
Valladolid;Cabezón de Pisuerga;C/ Felipe IV, 1A;La Pavesa;47/1137;restaurante;Sí;sí (sólo Cabezón de Pisuerga);983500847;;;Pizzas artesanales realizadas en horno de leña con diversas pizzas elaboradas con productos de cercanía. Reservas en los siguientes horarios: Viernes, Sábado y Domingo de 20.00 a 23.00 horas.;41.729394, -4.647769
Palencia;Palencia;Avda. Casado del Alisal, 26;Los Blasones;34/56;restaurante;Sí;no;979749044;reservas@hotelcastillavieja.com;http://www.hotelcastillavieja.com;Cocina tradicional. Se reserva a través del correo electrónico o del teléfono. HORARIO: 13:00 A 15:30 // 20:00 A 22:00;42.010533, -4.529543
Soria;San Esteban de Gormaz;Avda. Valladolid, 131;Rivera del Duero;42/299;restaurante;Sí;sí;975350059;info@hotelrivera.es;http://www.hotelrivera.es;Menú del día de lunes a sábado. Para conocer nuestro menú, puede consultarlo a través de nuestro instagram (hotelriveradelduero) o a través de nuestro telefono 975350059.;41.572735, -3.20172
León;León;Plaza de San Marcelo, 9;Marcela Brasa y Vinos;24/1675;restaurante;Sí;sí;987799544;info@marcelabrasayvinos.com;https://marcelabrasayvinos.com/;Horario especial de lunes a domingo de 8:00 a 22:00 horas. Las reservas de comida para recoger en el local se hacen a traves de la web y la comida a domicilio a traves de GLOVO. Los sabados y domingos se hace Arroz del Senyoret por encargo. Los encargos en el numero de telefono 987799544.;42.59778, -5.570486
Soria;El Burgo de Osma;Ctra. N-122 , km 219;Área de Servicio Buquerín-Burgo de Osma;42/106;cafetería;Sí;no;659908330;festeban@buquerin.es;;Comida casera para llevar de 7.00 A 23.00 horas.;41.574038, -3.111635
Salamanca;Salamanca;C/ Hoces del Duratón, 1;Hotel Salamanca Montalvo;37/1107;restaurante;Sí;no;923194040;reservas@hotelsalamancamontalvo.com;http://wwwhotelsalamancamontalvo.com;Comida internacional con toques de vanguardia. Arroces y paellas para llevar. Menú del día con múltiples opciones. Reservas: 923 194 040 o reservas@hotelsalamancamontalvo.com Horarios: de 13:00 a 15:30 h. y de 20:00 a 23:00 h. Se recomienda realizar el pedido con antelación.;40.940265, -5.668098
Salamanca;Salamanca;Calle Prior, 15;Bacoa Burger;37/4891;bar;Sí;si;923202836;;https://www.bacoaburger.com/restaurantes/;UNA CARTA DE HAMBURGUESAS PARA TODOS LOS GUSTOS La carta de hamburguesas de Bacoa incluye hamburguesas de todos los tipos. Desde hamburguesas de carne ecológica, pasando por hamburguesas de chuletón, pollo a la parrilla, veganas y vegetarianas. Nuestra carta también incluye variantes exóticas de hamburguesas. Por ejemplo, nuestra suculenta japonesa con salsa Teriyaki. O bien nuestra clásica hamburguesa vegetariana Veggiebean, de judía negra con pimiento asado y queso cremoso.;40.965025, -5.665818
Segovia;Segovia;C/ San Marcos, 30;San Marcos;40/164;restaurante;Sí;sí;921433649;nuriasanmarcos@gmail.com;https://sanmarcosrestaurante.com/;LLevamos desde 1955 ofreciendo los mejores platos de mar y tierra en Segovia. Podrán elegir entre nuestra variada carta con especialidad en mariscos, tanto para reservar y comer en nuestra terraza, como para encargar y recogerlo, o bien encargarlo y que se lo llevemos nosotros a su casa. Puenden encargarlo tanto llamando a nuestro teléfono como a través de GLOVO.;40.954421, -4.133096
Segovia;Segovia;C/ Colón, 5;Pasapán;40/427;restaurante;Sí;sí;678916778;info@restaurantepasapan.es;https://restaurantepasapan.es/;Tipo de comida: cocina creativa, cocina mediterránea, cocinar vegetariana, cocina tradicional, cocinas del mundo. Horario: de martes a domingo de 12h a 16h y de 19h a 23h. Los pedidos se hacen a través de la web: www.restaurantepasapan.es en la sección pedidos online. En dicha sección los clientes podrán encontrar los platos de carta que tenemos.  Además vamos a incorporar platos del día (como guisos...) y un apartado de Diseña tu menú diario. Tanto los platos del día como el Diseña tu menú estarán disponibles de martes a viernes en el horario de comidas, esto es, de 12h a 16h.;40.95013, -4.121848
Burgos;Miranda de Ebro;C/ Arenal, 76;Taj Mahal;09/676;restaurante;no;sí;623480126;adilchaudary2809@gmail.com;;Comida india.;42.686234, -2.943598
Burgos;Aranda de Duero;C/ San Antonio, 5;Telepizza;09/4243;bar;Sí;sí;947504466;tienda0198@telepizza.com;http://www.telepizza.es;Atencion al público de 13 a 16 y 18.30 a 23.30 horas.;41.672069, -3.685659
Valladolid;Valladolid;C/ Carbonero, 5-7;Ali;47/697;restaurante;Sí;no;651009006;restaurante.bar.ali@gmail.com;https://restaurantebarali.wixsite.com/restauranteali;Cocina mediterránea casera. Menú diario disponible. Amplia variedad de pizzas caseras, hamburguesas, raciones. Se puede reservar para la recogida a la puerta del local. Para reservas: Teléfono 677205888 - 676501265 Horario recogida de pedidos: Lunes a Jueves 13:30 - 15:30, Viernes y sábados 13:30 - 15:30 y de 19:30-21:50, Domingos 13:30 -15:30. Sólo asados y arroces bajo pedido con antelación.;41.650006, -4.703713
Segovia;Segovia;C/ Los Bomberos s/n;Sushicatessen / The Burguer World;40/722;restaurante;Sí;sí;921441951;;http://www.sushicatessen.es/valladolid;Restaurante de sushi a domicilio en Segovia.;40.947002, -4.112027
Valladolid;Valladolid;C/ Doctor Cazalla, 1;Ángela;47/219;restaurante;Sí;sí;983350623;info@angelarestaurante.com;;COCINA CASTELLANA, DE MERCADO Y ALEMANA. RESERVAS TELEFONO 983350623. PÁGINA WEB ANGELARESTAURANTE.COM  de 13.00 A 16.00 DE 19.30 A 21.30 horas.;41.654882, -4.728045
Ávila;Navarredonda de Gredos;Ctra. Av-941, km 10;Parador de Gredos;05/716;cafetería;Sí;no;920348048;gredos@parador.es;https://www.parador.es/es/paradores/parador-de-gredos;HORARIO: DE 13.30 H A 16.00 H Y DE 20.30 H A 21.30 H CARTA: BOCADILLO DE POLLO CON PIMIENTOS Y CEBOLLA CARAMELIZADA - 9,80 €. BOCADILLO DE JAMÓN IBERICO CON TOMATE - 8,80 €. SANDWICH MIXTO - 6,90 €. SANDWICH VEGETAL - 6,50 €. CROQUETAS DE JAMÓN (10 unidades) - 12,50 €. FINGUERS DE POLLO CON SALSA DE MIEL Y MOSTAZA (10 unidades) - 10,00 €;40.35502, -5.11312
Burgos;Burgos;C/ Valladolid 13;Golden;09/3561;bar;Sí;sí;660553189;goldenburgos@gmail.com;http://www.cerveceriagolden.com;Entrantes, especialidades europeas, hamburguesas y pizza alemana. Todos los días desde las 19h. Fin de semana también a mediodía desde las 13h.;42.339191, -3.700687
Segovia;Segovia;Plaza San Lorenzo, 5;Casa Paco;40/135;restaurante;Sí;sí;921431435;Jossse2010@hotmail.com;http://www.casapacosanlorenzo.es;Tenemos bocadillos y raciones. Tanto para recoger en el local como para llevar a domicilio (aplicación Glovo). Los días viernes, sábados y domingos. Para hacer las reservas en el número de teléfono 921 431 435.;40.952855, -4.113713
Valladolid;Rueda;C/ Real, 13;El Foro de Rueda;47/749;restaurante;Sí;sí;983868197;Elfororueda@gmail.com;;Comida de lunes a Domingo menú diario. Fines de semana hamburguesas.;41.415215, -4.960315
Segovia;Segovia;C/ Juan Bravo, 23;Diablo Cojuelo Espacio Gastronómico;40/2038;bar;Sí;sí;921462671;info@diablocojuelo.com;https://www.diablocojuelo.com;Taberna, Jamonería y Tienda Gourmet. Todo tipo de embutidos, quesos, vinos, productos delicatessen... los mejores productos de la tierra y una selección de los los productos más exquisitos nacionales e internacionales. Pueden hacer sus pedidos en www.diablocojuelo.com por teléfono en el 921462671 o por whatsapp en el 683326933;40.948281, -4.121211
Salamanca;Salamanca;C/ Compañía, 48;La Tagliatella;37/129;restaurante;Sí;sí;923215750;;https://www.latagliatella.es;Disfruta en tu casa de la mejor comida italiana. Las recetas de nuestra carta se inspiran en la tradición culinaria del norte de Italia. Déjate seducir por nuestras pizzas artesanales horneadas en un tradicional forno italiano y por nuestra gran variedad de pastas y salsas: ¡tenemos más de 400 combinaciones posibles! Pero no nos quedamos ahí, en nuestra carta encontrarás también deliciosos antipasti para abrir el apetito, sabrosos platos de carne, ricos risottos y unos suculentos postres que alegrarán la velada a los más golosos. Nuestras raciones son generosas por lo que te recomendamos que estés acompañado de quien tú prefieras para compartir los sabores de la genuina cocina italiana.;40.964903, -5.666488
Salamanca;Salamanca;Plaza Peso, 8;Zenzoo;37/417;cafetería;Sí;sí;923003617;zenzoosala@gmail.com;https://www.instagram.com/zenzoo_sala/?hl=es;En ZenZoo elaboramos deliciosos batidos con burbujas (bolitas de zumo explosivas), muchos de ellos con té, pero también otros con leche o zumos de frutas. La seña de identidad de la marca es el efecto burbujeante, que se consigue gracias a los Toppings que se le añaden a los batidos. Tenemos mas de 40 sabores que puede elegir, tanto con teína o sin teína, y también puedes ajustar el nivel de azúcar y la temperatura. Horario L-S 11.30- 22.00 D 14.00-22.00 Se puede pedir para recoger o reparto a domicilio atraves de MD por Instagram o también se puede directamente con Ubereats, Glovo y Deliveroo.;40.963787, -5.663649
Valladolid;Valladolid;Plaza Santa Brígida, 5;Don Bacalao;47/216;restaurante;Sí;no;983343937 652704066 696411891;donbacalaorestaurante@gmail.com;http://www.donbacalaoentucasa.es;HORARIO: de jueves a domingo de 13:00 a 15:30 y viernes y sábados además de 20:00 a 22:00. Restaurante que ofrece producto de mercado y temporada, hecho con el cariño y el tiempo que empleaban nuestras abuelas.;41.656559, -4.72773
Zamora;Zamora;C/ Aire, 5;La Bocca di Bacco;49/382;restaurante;Sí;sí;980049448 662558043;jpramosb@gmail.com;http://boccadibacco.es;Durante este periodo nuestro horarios es: Viernes, Sábados y Domingos de 12:00 a 16:00 horas y de 20:00 a 23:00 horas. Servicio a domicilio a través de UBER EATS y de GLOVO y en los teléfonos 980049448 y 662558043 para recoger en local. Consulta nuestras ofertas en nuestra web: boccadibacco.es;41.507087, -5.742728
Segovia;Segovia;C/ Cronista Lecea, 11;José María;40/130;restaurante;Sí;sí;921461111;reservas@restaurantejosemaria.com;https://www.restaurantejosemaria.com/tienda-josemaria/;Nuestro cochinillo asado D. Marca de Garantía, nuestro cordero asado `Segolechal I.G.P., los vinos de nuestras bodegas Pago de Carraovejas y Ossian Vides y Vinos, y por supuesto, nuestro Gastrobar, nuestra barra, todo esto hasta vuestra casa.;40.950478, -4.122704
Zamora;Zamora;C/ Viriato, 3;Flamingo Dinner;49/2832;bar;Sí;sí;980584611;flamingozamora@gmail.com;https://flamingozamora.com/;Horario Mañanas y Tardes de Lunes a Jueves 10:30 a 16:30 y 20:00 a 00:00. Viernes a Domingo 10:30 a 16:00 20:00 a 00:00;41.503511, -5.745635
Salamanca;Alba de Tormes;Ctra. Salamanca-Alba, km 17;Don Fadrique;37/952;restaurante;Sí;sí;650488113;takeaway@donfadrique.com;http://www.donfadrique.com;Comida tradicional y de temporada especialidad en asados en horno de leña. entregamos pedidos de viernes a domingo de 12:30 a 15:00, fuera de ese horario consultar vía mail o whatsup 650488113;40.832624, -5.526452
Valladolid;Villanueva de la Condesa;C/ Iglesia, 2;El Rincón de Doña Inés;47/733;restaurante;Sí;sí;983756067;info@rinconines.com;http://www.rinconines.com;Ofrecemos todo tipo de comidas caseras y menús diarios por encargo, los cuales se pueden recoger en el establecimiento o se pueden servir a domicilio en nuestra localidad, (Villanueva de la Condesa) y en las poblaciones cercanas a la misma. Se admiten pedidos hasta las 23:00 h del día anterior y el importe mínimo del pedido es de 20 euros para los servicios de entrega a domicilio (Sin importe mínimo en los pedidos para recoger).;42.148756, -5.094284
León+A129:P130;León;Avenida de la Independencia 1;Goiko;24/1697;restaurante;Sí;sí;987790596;;http://www.goiko.com;Horario Delivery: de 13:00 a 23:30 horas de domingo a miércoles y de 13:00 a 24:00 horas de jueves a sábado. Horario Take-away: de 13:00 a 22:00 horas de lunes a domingo;42.597173, -5.571714
Segovia;Cuéllar;Avda. Camilo Jose Cela, 2;Mesón San Francisco;40/87;restaurante;Sí;sí;921052784;info@hmsanfrancisco.com;http://www.hmsanfrancisco.com;;41.400932, -4.311453
Segovia;Villacastín;C/ Caballeros, 23;El Pilar;40/737;restaurante;Sí;no;696102039;hrvillacastin@gmail.com;https://www.hotelrtelpilarvillacastin.com/;Pizzas, Hamburguesas, Bocadillos, Raciones y Menú. Reserva en telefono: 696102039.  Horario: 11 a 16 Y 19 a 22;40.779895, -4.410207
León;Villadepalos;C/ El Caño, 1;La Tronera;24/1262;restaurante;Sí;no;616182619;reservas@hotelrurallatronera.com;https://hotelrurallatronera.com/;"AVISO POR TEL Y ENCARGO CON AL MENOS 24 HORAS DE ANTELACIÓN

-	COMETE EL BIERZO- CALENTAR Y LISTO PARA 
         DISFRUTAR
-	* BOTILLO WELLINGTON
-	BOTILLO 2.0
-	EMPANADA DE VIERAS
-	EMPANADA DE BACALAO
-	QUICHE DE VERDURAS
-	TARTA DE LACÓN CON PIMIENTOS
-	TARTA DE QUESO VEIGADARTE Y CECINA
-	TARTA DE PULPO CON CACHELOS";42.53971112099118, -6.750229237386431
León;León;Plaza Santa María del Camino, 11;Restaurante Pax;24/1466;restaurante;Sí;no;987344493;registro@hospederiapax.com;https://www.hospederiapax.com;Comida tradicional. Especialidad en Arroces. Reserva por teléfono el día antes. Recogida en el Restaurante de 13.30 a 15.30.;42.595252, -5.568165
Burgos;Villafría;C/ Vitoria, 319;Las Vegas;09/13;restaurante;Sí;sí;620093976;reservas@hotelasvegas.com;http://hotelasvegas.net/;ENCARGOS PARA RECOGER RESERVA O PREGÚNTANOS EN EL 620093976.  MENÚ DEL DÍA Todos los días, comida y cena Primer Plato Segundo Plato Postre Agua y Pan incluidos 10,00€ (IVA incluido) ***** SÁBADOS Y DOMINGOS Paella de Carne o de Marisco Merluza al abuelo Cordero Lechal Asado (Por encargo) ****** Además: Tortilla de Patata +Barra de Pan 8,00 € ****** Recogida en el Hotel De 13:30 a 15:30 y de 20:30 a 22:00;42.363582, -3.627408
Valladolid;Valladolid;Acera de Recoletos, s/n;Aquarium - Sabores;47/803;restaurante;Sí;sí;983303699;valladolid@grupomoga.com;https://mogaencasa.com/;Desde la pagina web: mogaencasa.com horario: 11 a 16h y 20 a 23 h. Reparto a domicilio propio y gratis  20% descuento en recogida en local;41.645724, -4.728244
Zamora;Zamora;Paseo la Vega, 18;Mesón La Vega;49/293;restaurante;Sí;no;665005740;guerra.piii@gmail.com;;Menú diario. Comidas por encargo. Arroces, paella, bogavante, zamorana, etc. Burguer, sándwich, montados. Tortillas, empanadas, croquetas varias y por encargo anticipado. Tajín Árabe, Cous Cous, Asados de tostón y lechazo de Zamora. Servicio de catering.;41.501273, -5.754086
Zamora;Villaralbo;C/ Río, 52;Casa Aurelia;49/140;restaurante;Sí;no;980539626;aurelia@casaaurelia.com;http://www.casaaurelia.com;Carne a la brasa, pescados al horno, raciones, bocadillos, platos combinados para recoger de 13.30 a 15.00 y de 20.30 a 21.30 todos los dias.;41.49472, -5.683537
Valladolid;Valladolid;C/ Kilimanjaro, 2;La Geniaaall Vermutería;47/4961;bar;Sí;no;983455150;Lageniaaall@gmail.com;;Recogida en el local, sábado y domingo a mediodía. Vermut para llevar.;41.616441, -4.718604
Zamora;Zamora;Plaza Santiago, 3;Taberna Ajo y Perejil;49/714;restaurante;Sí;sí;679514542;emilio@setentayseisgrupo.com;;Los horarios para efectuar tu pedido con recogida serán los siguientes: Comidas 10:00 a 15:00 (Recogida de 13:30 a 15:45) Cenas 18:00 a 21:15 (Recogida de 20:00 a 21:45) Las recogidas en taberna se beneficiarán de un 10% de descuento, pero si nos los encargas el día anterior te descontaremos un 20%. El servicio de envío a domicilio lo realizará la empresa Glovo.;41.505386, -5.744297
León;León;C/ Regidores, 9;La Bodega Regia;24/718;restaurante;Sí;no;987213173;maria@regialeon.com;http://www.regialeon.com;Cocina tradicional leonesa. Encargos con un día de antelación mínimo. Recogida los jueves, viernes y sábados de 13.00h a 15.00h. Reservas en el 987213173 o en www.regialeon.com (Regia Market);42.59796, -5.569768
Valladolid;Cigales;C/ Guadalajara de Méjico, 2;Zocha;47/4726;bar;Sí;sí;983586114;;;Raciones, hamburguesas, sartenes, canapés de encargo.... más novedades cada fin de semana. Pedidos al teléfono fijo 983586114 o Whatsap: 625190315;41.756059, -4.696062
Zamora;Zamora;C/ Villalpando, 11;Burguer T.B.O.;49/412;restaurante;Sí;sí;605823129;info@tborestaurant.com;https://www.tborestaurant.com/pedidos/;Rollings, hamburguesas, pizzas, ensaladas, sandwiches, durum y kebab, baguettes... una carta muy variada con servicio a domicilio propio y sin intermediarios. Entra en la web o descarga la app para hacer los pedidos online y disfruta de nuestros descuentos y promociones, o bien llamando al 980670434.;41.508912, -5.748938
Zamora;Benavente;Arrabal Huerta de Los Salados, s/n;Mesón El Ermitaño;49/151;restaurante;Sí;sí;980632213  635939127;pedidos@elermitano.com;https://elermitano.com/;Un trocito de El Ermitaño en tu casa. ¿ Cuando debe de hacer su pedido para recibirlo ? Las entregas en su domicilio serán de martes a viernes antes de las 13:30 h (Hasta los jueves, antes de las 13:00 h, serán los últimos pedidos que atenderemos para entregarlos en su domicilio la misma semana). Las entregas en el propio Restaurante serán de lunes a sábado de 12:00 a 13:30h exceptuando días que sean festivos (Hasta los sábados, antes de las 12:00 h, serán los últimos pedidos que atenderemos para entregarlos en el Restaurante la misma semana). Hacemos también entregas a domicilio locales y perimetrales, consúltenos.;42.005566, -5.656699
Zamora;Zamora;C/ Brahones, 4;Mesón del Zorro;49/663;restaurante;Sí;no;980161647;elmesondelzorro@gmail.com;http://elmesondelzorro.es/;Cocina Tradicional Zamorana Especialidad en Cocido Castellano, guisos caseros, carnes a la parrilla y pescados a la cazuela. HORARIO: (de martes a domingo) TELÉFONO DE RESERVAS: 980 16 16 47 ENCARGO DE PEDIDOS: DE 10:00 A 13:30H RECOGIDA DE PEDIDOS: 13:00 A 15:30H *Para encargos de más de 4 raciones de cocido, reservar el día de antes*;41.513675, -5.740816
Zamora;Zamora;C/ Libertad, 28;Rincón del Tío Jerónimo;49/3439;bar;Sí;sí;669067498;Danisconejo@gmail.com;;Carne a la brasa recién preparada, Raciones, ensaladas... De martes a jueves horario de comida. De viernes a domingo horarios de comida y cena. Encargar con antelación, sobre todo fines de semana pues hay limitación en los pedidos para garantizar la calidad Encargos por WhatsApp 669 067 498;41.51419, -5.740737
Zamora;Zamora;C/ Diego de Losada, 2;Kalua;49/309;restaurante;Sí;no;980526581;jesuskalua@hotmail.com;http://www.restaurantekalua.es;Hamburguesas, sandwiches, platos combinados, bocadillos con la mejor materia prima de zamora ejm. TERNERA DE ALISTE, LOMO ADOBADO ...... llamando al 980526581 te lo preparamos para que te lo lleves.;41.506646, -5.739814
León;Castrillo de los Polvazares;C/ Real, 4;Almacén del Arriero;24/485;restaurante;Sí;sí;665662561;almacendelarriero@gmail.com;https://www.mesondelarriero.com/;EL COCIDO MARAGATO recién elaborado y enviado a tu domicilio en cualquier rincón de España. LISTO PARA CALENTARLO EN UNA OLLA Y DISFRUTARLO EN COMPAÑÍA EN CUALQUIER LUGAR DE ESPAÑA. Rápido (en 24 horas), buen precio (2 raciones/ 37 € en total) y natural, recién elaborado en nuestra cocina. En nuestra página de compra puedes también adquirir Cecina IGP de León, además de otros productos de charcutería y carnicería procedentes de nuestra comarca. Teléfono/WhatsApp: (+34) 665 662 561;42.46496, -6.126956
Burgos;Aranda de Duero;C/ Valladolid, 36;Prado Marina;09/674;restaurante;Sí;no;947123771;;;Fundamentalmente menú del día.;41.667069, -3.708808
Salamanca;Salamanca;C/ San Pablo, 49;El Laurel;37/674;restaurante;Sí;no;686562157;Ellaureldesalamanca@yahoo.es;;Restaurante vegetariano y veganos, recogida de pedidos de martes a domingos de 13:30 a 15:00, con un menú por 11,90 y pedidos por WhatsApp o por teléfono, 686562157;40.959781, -5.664345
Valladolid;Mélida;C/ Pasadizo, 1;Mélida Wines;47/1196;restaurante;Sí;sí;686580012;info@melidawines.com;http://www.melidawines.com;ABIERTO VIERNES, SABADO Y DOMINGO COMIDA Y CENA pedidos al telefono 686580012;41.580459, -4.077444
Burgos;Burgos;Paseo de la Audiencia, 2;Cervecería Isla;09/975;restaurante;Sí;sí;947262138;;;Horario 12-16 y 19-22.00 en local y plataforma de envío a domicilio;42.339532, -3.70411
Segovia;Navas de Riofrío;C/ Sierra, 10;El Fogón de Valentina;40/708;restaurante;Sí;sí;633443690;srgarcia1995@gmail.com;http://www.elfogondevalentina.com;De lunes a domingo. 11-16 / 20/22 horas. Comida tradicional.;40.867568, -4.133983
Valladolid;Fuensaldaña;Ctra. Valladolid, s/n;La Venta;47/811;restaurante;Sí;no;983583171;;https://www.laventarestaurante.es/;Toda clase de comida de encargo, especialmente pescados, mariscos y el tradicional cocido de los viernes. Recoger;41.706071, -4.762546
Valladolid;Mucientes;Camino Ampudia, s/n;La Cueva de Mucientes;47/140;restaurante;Sí;no;665183419;bodegalacueva@bodegalacueva.com;http://www.bodegalacueva.com/;Asados y comida para llevar. Reserva por teléfono.;41.746312, -4.759597
Zamora;Zamora;C/ Renova, 11;El Horno;49/167;restaurante;Sí;no;980517987;restaurante@elhorno.info;http://www.elhorno.info;Horario: Lunes-Viernes 9:30 - 15:30. Sábados- Domingos 10:30 - 15:30. Para cenas encargar antes de las 16:00;41.5037, -5.746036
Salamanca;Salamanca;C/ Pérez Herrasti, 5;Novu;37/869;restaurante;Sí;sí;923 00 90 57;novu@corteycata.es;http://www.corteycata.es;Restaurante moderno ubicado en la zona del Corte Inglés, con cocina moderna donde impera los productos autóctonos y tradicionales como el ibérico. Tenemos servicio a domicilio o de recogida en el mismo restaurante manteniendo nuestro estilo CORTE Y CATA. Los horarios de servicio son desde las 13:00 - 15:15 y de 20:00 - 22:15 de Martes a Domingo.;40.972804, -5.657706
Zamora;Zamora;Avda. Príncipe de Asturias, 9;Pizzería la Competencia;49/720;restaurante;Sí;sí;673032494;Compezamora@gmail.com;;Comida italiana Lunes a viernes de13:00-16:30 y 20:00-23:00, sabado hasta las 00 horas;41.508103, -5.740435
Valladolid;Valladolid;C/ Marina Escobar, 1;El Dilema;47/35;restaurante;Sí;sí;648925186;Dilemacasualbar1@hotmail.com;;Tapas El Dilema convertidas en raciones. Para recogida en local la reserva preferentemente por WhatsApp. Horario: de lunes a viernes de 9:00 15:30,  viernes, sábados y domingos noche de 19:30 a 22:00. Envio a domicilio: Globo.;41.648002, -4.727706
Burgos;Puentedura;C/ Las Turriendas, 70;Sabinares del Arlanza;09/4630;bar;Sí;no;667470680;info@sabinaresdelarlanza.com;https://sabinaresdelarlanza.com/es/hotel-rural/;Ofrecemos: Paella de carne, pescado o mixta, Fideuá de verduras, Níscalos con patatas, puchero de garbanzos/alubias/lentejas, a 10€/ración para 2-4 personas, a 9€/ración para 6-10 personas y a 8€/ración para más de 10 personas. La reserva se hace con un día de antelación y el horario se acuerda con el que venga a recogerlo. Para recogidas en domingos la reserva se hace en viernes. El pago se hace al recoger y en efectivo. Si se llevan el recipiente (ej. paella) se deja un DNI como garantía de devolución o 20€.;42.037023, -3.589589
Ávila;Ávila;Avda. Derechos Humanos, 11;Inclusivo El Cobijo;05/778;restaurante;Sí;no;920352732;faemaadmon@gmail.com;https://www.restauranteelcobijo.es/es/;"En el Restaurante Inclusivo ""El Cobijo"" ofrecemos una amplia carta de servicios, desde menús diarios, menús de fin de semana, raciones, platos combinados, menú infantil, pizzas y hamburguesas..etc Para hacer la reserva, es necesario llamar con unos días de antelación al 920 35 27 32 / 920 23 80 48 e informaremos del horario de recogida. También se puede escribir un mail a info@asociacionfaema.org";40.641806, -4.698192
Ávila;Navaluenga;Paseo Acacias, 12;De Zamorano;05/792;restaurante;Sí;sí;920337458;restaurantedezamorano@gmail.com;https://www.dezamorano.com;Después de una consolidada trayectoria en Madrid como pastelero, cocinero, jefe de cocina y dueño de su último restaurante junto a la plaza mayor, Alfredo Zamorano, junto con su sobrino Aitor Zamorano, también cocinero, decide por fin abrir !De Zamorano! su nueva apuesta en su pueblo de origen, Navaluenga. Para ello, qué mejor que emplear como logotipo la mismísima firma de Lorenzo Zamorano (su padre y abuelo, respectivamente). Un homenaje a ese trabajador curtido en el campo, aparentemente rudo, que al final de su vida sorprendió a todo su entorno con sus hermosos poemas que firmaba con orgullo. Una intensa sensibilidad que permaneció oculta a lo largo de su vida y de pronto floreció profusamente como un regalo a su mujer y a toda su familia. De Zamorano es toda una declaración de intenciones. Desde sus fogones se debe entender la cocina como un sentir poético, un retorno a los orígenes con el bagaje de lo aprendido, del buen hacer... Los productos de la tierra expresan sus sabores, aromas, colores, texturas para hablarnos tal y como lo hizo Lorenzo Zamorano con su poesía: sencillamente, con honestidad y emoción. El esmero por el bienestar de nuestros comensales y ese equilibrio entre tradición, retocada sin llegar a desnaturalizarse, y creatividad sin excesivos artificios marcan el verdadero sello de la casa De Zamorano.;40.410961, -4.705092
Valladolid;Tordesillas;C/ Empedrado, s/n;Mesón Valderrey;47/199;restaurante;Sí;no;609039188;mesonvalderrey@gmail.com;http://www.mesonvalderrey.com;Asados de Lechazo o cochinillo. Ensaladas, patatas y vino. Horario de 14:00 a 15:30 h. Reservas whasp o móvil 609039188;41.499491, -5.001529
Burgos;Burgos;Avda. Reyes Católicos, 30;Rice;09/639;restaurante;Sí;sí;947780078;basterragastrobar@ricehotelesburgos.com;http://www.ricehotelesburgos.com;Pedidos a Domicilio a través de la aplicación JUST EAT. Pedidos para recoger llamar al teléfono 947 78 00 78. En Rice la garantía del saber hacer, experiencia y elegancia fluyen y se respiran. Un gastrobar de precio asequible donde podrás encontrar un producto de alto nivel para picotear a base de tapas frías o calientes, pero también carnes o pescados cocinados de forma sabrosa para extraer lo mejor del producto de calidad. Además, todos los platos tienen la posibilidad de hacerlos tanto para llevar como a domicilio. Especialidad en arroces ( Paella de Marisco, Arroz de verduras, Arroz Negro de pulpo, Arroz de carabineros, Arroz de bogavante, MELOSOS/CREMOSOS: Ración Arroz meloso de CARRANC (buey de Mar)son su plato estrella por excelencia. No te pierdas las croquetas caseras , hamburguesas o ensaladas. Arroces: Pedido mínimo dos raciones (del mismo arroz).;42.347876, -3.692558
Segovia;Villaverde de Íscar;Plaza Mayor, 6;Los Chicos;40/640;restaurante;Sí;sí;645976480;info@restauranteloschicos.net;;Restaurante de comida Castellana casera, con horno de leña y especialidad en asados, capacidad para 90 personas, cocina sin gluten (especial para celiacos). Las reservas principalmente por teléfono 645 97 64 80, también contestamos whatsApp, e incluso reservas por internet mediante nuestra pagina web restauranteloschicos.net. Cerramos los Miércoles por descanso y la primera quincena de septiembre por vacaciones. También puede consultar nuestra carta en la pagina web. De lunes a Jueves de 10:00 a 17:30 h Viernes, Sábado y Domingo de 10:00 a Cierre.;41.306833, -4.526244
Salamanca;Salamanca;C/ Palominos, 13;Baco;37/775;restaurante;Sí;no;923219238;barrestaurantebaco@gmail.com;http://barrestaurantebaco.wix.com/salamanca;Cocina tradicional casera, sin gluten, opciones veganas y vegetarianas. Pedir o reservar preferiblemente telefónicamente (923219238). Actualmente nuestro horario es de 11:00---a----21:00 horas.;40.961957, -5.665042
Burgos;Burgos;Plaza Alonso Martínez, 3;Goiko Grill;09/1118;restaurante;Sí;sí;947799976;;http://www.goiko.com;Horario Delivery de 13:00 a 23:30 horas de domingo a miércoles y de 13:00 a 24:00 horas de jueves a sábado. Horario Take-away de 13:00 a 22:00 horas;42.34366, -3.700617
Valladolid;Cogeces del Monte;C/ Manzana, 1-3;Maryobeli;47/742;restaurante;Sí;sí;615127024;maryobeli@gmail.com;https://www.turismoruralmaryobeli.com/;Admitimos sujerencias de menus/ platos. Recepción de pedidos vía telefónica todo el día.;41.511437, -4.316317
León;Astorga;C/ Alcalde Carro Verdejo, 2;Juanín;24/7275;bar;Sí;sí;987617512 657053601;jtiberio1987@gmail.com;;Chocolate con churros, café y tortilla por encargo.;42.459242, -6.057025
Zamora;Zamora;Avda. Príncipe de Asturias, 7;Pastelería Heladería La Alhóndiga;49/87;cafetería;Sí;sí;607431011;faherba_7@gmail.com;;Pastelería, heladería, cafetería y panadería en el centro de Zamora.;41.507819, -5.740712
Zamora;Pedrazales;C/ Barrio Medio, 56;La Andaluza Low Cost Pedrazales;49/583;restaurante;Sí;no;660871131;laposada@laposadadepedrazales.com;http://www.laposadadepedrazales.com;Menú diario, hamburguesas de Kobe, carnes a la brasa, pescados y asados al horno, paellas, guisos por encargo, tapas..... CONSULTENOS!!! Los pedidos se haran vía WhatsApp o por teléfono al 660871131. Horario de pedido 12:00 a 20:00, y recogidas de 13:30 a 15:30 / 19:00 a 21:00;42.116079, -6.668743
